file,part,table_num,rows,cols,has_mass_percent,has_mol_percent,has_molality,has_mole_fraction,has_phase_info,has_temperature,has_concentration,has_solubility,has_ratio,numeric_count
SDS-31_Part1_table_001.csv,Part1,001,5,6,False,False,False,False,False,False,False,False,False,8
SDS-31_Part1_table_002.csv,Part1,002,17,8,False,False,False,False,True,False,False,False,True,3
SDS-31_Part1_table_003.csv,Part1,003,3,4,False,False,False,False,False,False,False,False,False,8
SDS-31_Part1_table_004.csv,Part1,004,19,14,True,False,True,False,True,False,False,False,False,104
SDS-31_Part1_table_005.csv,Part1,005,35,10,False,False,False,False,True,False,False,False,False,202
SDS-31_Part1_table_006.csv,Part1,006,5,12,False,False,False,False,False,False,False,False,False,33
SDS-31_Part1_table_007.csv,Part1,007,14,11,False,False,False,False,True,False,False,False,False,103
SDS-31_Part1_table_008.csv,Part1,008,9,8,False,False,False,False,True,True,False,False,False,51
SDS-31_Part1_table_009.csv,Part1,009,19,10,False,False,False,False,False,True,False,False,False,163
SDS-31_Part1_table_010.csv,Part1,010,16,11,False,False,False,False,False,True,False,False,False,128
SDS-31_Part1_table_011.csv,Part1,011,15,8,False,False,False,False,True,False,False,False,False,77
SDS-31_Part1_table_012.csv,Part1,012,33,11,False,False,False,False,True,True,False,False,False,142
SDS-31_Part1_table_013.csv,Part1,013,14,16,True,False,True,False,False,True,False,False,True,82
SDS-31_Part1_table_014.csv,Part1,014,9,10,True,True,True,False,True,False,False,False,False,56
SDS-31_Part1_table_015.csv,Part1,015,17,9,False,False,False,False,False,False,False,False,False,105
SDS-31_Part1_table_016.csv,Part1,016,28,8,False,False,False,False,False,False,False,False,False,140
SDS-31_Part1_table_017.csv,Part1,017,17,12,True,False,True,False,True,False,False,False,False,83
SDS-31_Part1_table_018.csv,Part1,018,4,9,False,False,False,False,True,False,False,False,False,24
SDS-31_Part1_table_019.csv,Part1,019,3,24,False,False,False,False,False,False,False,False,False,33
SDS-31_Part1_table_020.csv,Part1,020,11,13,False,False,False,False,False,False,False,False,False,116
SDS-31_Part1_table_021.csv,Part1,021,2,13,False,False,False,False,False,False,False,False,False,19
SDS-31_Part1_table_022.csv,Part1,022,7,15,False,False,False,False,False,False,False,False,False,64
SDS-31_Part1_table_023.csv,Part1,023,3,8,False,False,False,False,False,False,False,False,False,18
SDS-31_Part1_table_024.csv,Part1,024,7,8,False,False,False,False,False,False,False,False,False,37
SDS-31_Part1_table_025.csv,Part1,025,6,8,False,False,False,False,False,False,False,False,False,36
SDS-31_Part1_table_026.csv,Part1,026,22,10,True,True,True,False,True,False,False,False,False,157
SDS-31_Part1_table_027.csv,Part1,027,30,11,True,False,True,False,True,False,False,False,False,248
SDS-31_Part1_table_028.csv,Part1,028,7,11,False,False,False,False,True,False,False,False,False,61
SDS-31_Part1_table_029.csv,Part1,029,6,11,True,True,True,False,True,False,False,False,False,40
SDS-31_Part1_table_030.csv,Part1,030,2,12,False,False,False,False,True,False,False,False,False,15
SDS-31_Part1_table_031.csv,Part1,031,29,11,True,True,True,False,True,False,False,False,False,166
SDS-31_Part1_table_032.csv,Part1,032,23,11,False,False,False,False,True,False,False,False,False,185
SDS-31_Part1_table_033.csv,Part1,033,53,12,True,True,True,False,True,True,False,False,False,430
SDS-31_Part1_table_034.csv,Part1,034,49,10,True,True,True,False,True,True,False,False,False,383
SDS-31_Part1_table_035.csv,Part1,035,13,11,True,True,True,False,True,False,False,False,False,96
SDS-31_Part1_table_036.csv,Part1,036,5,27,False,False,False,False,False,False,False,False,False,29
SDS-31_Part1_table_037.csv,Part1,037,9,6,False,False,False,False,False,False,False,False,False,42
SDS-31_Part1_table_038.csv,Part1,038,12,6,False,False,False,False,False,False,False,False,False,61
SDS-31_Part1_table_039.csv,Part1,039,26,9,False,False,False,False,False,True,False,False,False,127
SDS-31_Part1_table_040.csv,Part1,040,48,9,True,False,False,False,False,False,False,False,False,308
SDS-31_Part2_table_001.csv,Part2,001,9,4,False,False,False,False,False,False,False,False,False,36
SDS-31_Part2_table_002.csv,Part2,002,17,5,False,False,False,False,True,False,False,False,False,65
SDS-31_Part2_table_003.csv,Part2,003,14,6,False,False,False,False,False,False,False,False,False,56
SDS-31_Part2_table_004.csv,Part2,004,23,5,True,False,False,False,True,False,False,False,False,89
SDS-31_Part2_table_005.csv,Part2,005,49,5,False,False,False,False,False,False,False,False,False,196
SDS-31_Part2_table_006.csv,Part2,006,5,5,False,False,False,False,False,False,False,False,False,20
SDS-31_Part2_table_007.csv,Part2,007,4,5,False,False,False,False,False,False,False,False,False,18
SDS-31_Part2_table_008.csv,Part2,008,6,7,False,False,False,False,False,False,False,False,False,38
SDS-31_Part2_table_009.csv,Part2,009,21,10,False,False,False,False,True,False,False,False,False,94
SDS-31_Part2_table_010.csv,Part2,010,37,8,False,False,False,False,True,False,False,False,False,137
SDS-31_Part2_table_011.csv,Part2,011,8,6,False,False,False,False,True,False,False,False,False,38
SDS-31_Part2_table_012.csv,Part2,012,11,6,False,False,False,False,True,False,False,False,False,55
SDS-31_Part2_table_013.csv,Part2,013,14,8,False,False,False,False,True,False,False,False,False,70
SDS-31_Part2_table_014.csv,Part2,014,9,15,False,False,False,False,True,False,False,False,False,54
SDS-31_Part2_table_015.csv,Part2,015,15,11,False,False,False,False,True,False,False,False,False,93
SDS-31_Part2_table_016.csv,Part2,016,25,11,False,False,False,False,True,False,False,False,False,157
SDS-31_Part2_table_017.csv,Part2,017,43,13,True,False,True,False,True,True,False,False,False,263
SDS-31_Part2_table_018.csv,Part2,018,9,10,False,False,False,False,True,False,False,False,False,32
SDS-31_Part2_table_019.csv,Part2,019,8,10,False,False,False,False,False,False,False,False,False,80
SDS-31_Part2_table_020.csv,Part2,020,50,13,True,False,True,False,True,False,False,False,False,389
SDS-31_Part2_table_021.csv,Part2,021,45,10,True,False,True,False,True,False,False,False,False,355
SDS-31_Part2_table_022.csv,Part2,022,46,7,True,False,True,False,True,True,False,False,False,122
SDS-31_Part2_table_023.csv,Part2,023,29,11,True,False,True,False,True,True,False,False,False,187
SDS-31_Part2_table_024.csv,Part2,024,17,10,False,False,False,False,True,False,False,False,False,117
SDS-31_Part2_table_025.csv,Part2,025,13,11,False,False,False,False,True,False,False,False,False,97
SDS-31_Part2_table_026.csv,Part2,026,17,10,False,False,False,False,True,False,False,False,False,132
SDS-31_Part2_table_027.csv,Part2,027,19,9,True,False,True,False,True,False,False,False,False,116
SDS-31_Part2_table_028.csv,Part2,028,7,11,False,False,False,False,True,False,False,False,False,54
SDS-31_Part2_table_029.csv,Part2,029,2,9,False,False,False,False,True,False,False,False,False,16
SDS-31_Part2_table_030.csv,Part2,030,18,6,True,False,True,False,True,False,False,False,False,82
SDS-31_Part2_table_031.csv,Part2,031,2,6,False,False,False,False,True,False,False,False,False,10
SDS-31_Part2_table_032.csv,Part2,032,15,6,False,False,False,False,True,False,False,False,False,71
SDS-31_Part2_table_033.csv,Part2,033,50,6,True,False,True,False,True,True,False,False,False,183
SDS-31_Part2_table_034.csv,Part2,034,7,11,False,False,False,False,True,False,False,False,False,42
SDS-31_Part2_table_035.csv,Part2,035,22,11,True,True,True,False,True,True,False,False,False,173
SDS-31_Part2_table_036.csv,Part2,036,24,13,True,True,True,False,True,True,False,False,False,159
SDS-31_Part2_table_037.csv,Part2,037,10,8,False,False,False,False,True,False,False,False,False,46
SDS-31_Part2_table_038.csv,Part2,038,3,6,False,False,False,False,False,False,False,False,False,13
SDS-31_Part2_table_039.csv,Part2,039,5,8,False,False,False,False,True,False,False,False,False,25
SDS-31_Part2_table_040.csv,Part2,040,10,12,False,False,False,False,True,False,False,False,False,103
SDS-31_Part2_table_041.csv,Part2,041,13,12,False,False,False,False,True,False,False,False,False,111
SDS-31_Part2_table_042.csv,Part2,042,14,12,False,False,False,False,False,False,False,False,False,101
SDS-31_Part2_table_043.csv,Part2,043,23,9,False,False,False,False,True,False,False,False,False,114
SDS-31_Part2_table_044.csv,Part2,044,51,9,False,False,False,False,True,True,False,False,False,247
SDS-31_Part2_table_045.csv,Part2,045,52,15,True,False,True,False,True,True,True,False,True,220
SDS-31_Part2_table_046.csv,Part2,046,58,10,True,False,True,False,True,True,False,False,False,542
SDS-31_Part2_table_047.csv,Part2,047,47,12,False,False,False,False,True,True,False,False,False,311
SDS-31_Part2_table_048.csv,Part2,048,12,10,False,False,False,False,False,False,False,False,False,120
SDS-31_Part2_table_049.csv,Part2,049,18,12,False,False,False,False,True,False,False,False,False,118
SDS-31_Part2_table_050.csv,Part2,050,40,10,True,False,True,False,True,True,False,False,False,155
SDS-31_Part2_table_051.csv,Part2,051,24,8,False,False,False,False,True,False,False,False,False,132
SDS-31_Part2_table_052.csv,Part2,052,2,9,False,False,False,False,True,False,False,False,False,12
SDS-31_Part2_table_053.csv,Part2,053,31,8,True,False,True,False,True,False,False,False,False,190
SDS-31_Part2_table_054.csv,Part2,054,16,15,False,False,False,False,True,False,False,False,False,119
SDS-31_Part2_table_055.csv,Part2,055,7,15,False,False,False,False,True,False,False,False,False,55
SDS-31_Part2_table_056.csv,Part2,056,23,11,False,False,False,False,True,False,False,False,False,91
SDS-31_Part2_table_057.csv,Part2,057,58,7,False,False,False,False,True,True,False,False,False,163
SDS-31_Part2_table_058.csv,Part2,058,40,9,False,False,False,False,False,False,False,False,False,309
SDS-31_Part2_table_059.csv,Part2,059,43,10,True,False,True,False,False,True,False,False,False,312
SDS-31_Part2_table_060.csv,Part2,060,10,9,True,False,False,False,True,False,False,False,False,56
SDS-31_Part2_table_061.csv,Part2,061,51,10,False,False,False,False,False,False,False,False,False,380
SDS-31_Part2_table_062.csv,Part2,062,18,8,False,False,False,False,False,False,False,False,False,71
SDS-31_Part3_table_001.csv,Part3,001,12,4,False,False,False,False,False,False,False,False,False,48
SDS-31_Part3_table_002.csv,Part3,002,24,10,False,False,False,False,False,False,False,False,False,206
SDS-31_Part3_table_003.csv,Part3,003,31,10,False,False,False,False,False,False,False,False,False,254
SDS-31_Part3_table_004.csv,Part3,004,2,17,True,False,True,False,True,False,False,False,False,7
SDS-31_Part3_table_005.csv,Part3,005,17,5,False,False,False,False,False,False,False,False,False,85
SDS-31_Part3_table_006.csv,Part3,006,21,6,False,False,False,False,True,True,False,False,False,80
SDS-31_Part3_table_007.csv,Part3,007,9,8,False,False,False,False,True,False,False,False,False,45
SDS-31_Part3_table_008.csv,Part3,008,15,8,False,False,False,False,True,False,False,False,False,75
SDS-31_Part3_table_009.csv,Part3,009,12,8,False,False,False,False,True,False,False,False,False,58
SDS-31_Part3_table_010.csv,Part3,010,15,8,False,False,False,False,True,False,False,False,False,73
SDS-31_Part3_table_011.csv,Part3,011,17,7,False,False,False,False,True,False,False,False,False,67
SDS-31_Part3_table_012.csv,Part3,012,17,11,True,False,True,False,True,False,False,True,False,51
SDS-31_Part3_table_013.csv,Part3,013,18,15,True,False,False,False,True,False,False,True,False,86
SDS-31_Part3_table_014.csv,Part3,014,12,10,False,False,False,False,True,False,False,False,False,80
SDS-31_Part3_table_015.csv,Part3,015,19,5,True,False,True,False,True,False,False,False,False,68
SDS-31_Part3_table_016.csv,Part3,016,20,11,False,False,False,False,True,False,False,False,False,146
SDS-31_Part3_table_017.csv,Part3,017,9,12,False,False,False,False,True,False,False,False,False,47
SDS-31_Part3_table_018.csv,Part3,018,5,11,False,False,False,False,True,False,False,False,False,46
SDS-31_Part3_table_019.csv,Part3,019,19,11,True,False,False,False,True,False,False,False,False,88
SDS-31_Part3_table_020.csv,Part3,020,23,10,True,True,False,False,True,False,False,False,False,133
SDS-31_Part3_table_022.csv,Part3,022,40,12,True,False,True,False,True,False,False,False,False,150
SDS-31_Part3_table_023.csv,Part3,023,12,30,True,False,False,False,True,False,False,False,False,67
SDS-31_Part3_table_024.csv,Part3,024,10,7,False,False,False,False,True,False,False,False,False,25
SDS-31_Part3_table_025.csv,Part3,025,9,6,False,False,False,False,False,False,False,False,False,51
SDS-31_Part3_table_026.csv,Part3,026,10,6,False,False,False,False,True,False,False,False,False,39
SDS-31_Part3_table_027.csv,Part3,027,22,6,True,False,True,False,True,False,False,False,False,87
SDS-31_Part3_table_028.csv,Part3,028,25,11,True,False,True,False,True,False,False,False,False,115
SDS-31_Part3_table_029.csv,Part3,029,14,8,False,False,True,False,True,True,False,False,False,66
SDS-31_Part3_table_030.csv,Part3,030,13,8,False,False,False,False,True,False,False,False,False,75
SDS-31_Part3_table_031.csv,Part3,031,21,7,False,False,False,False,False,False,False,False,False,147
SDS-31_Part3_table_032.csv,Part3,032,47,8,False,False,False,False,True,True,False,False,False,319
SDS-31_Part3_table_033.csv,Part3,033,12,8,False,False,False,False,True,True,False,False,False,78
SDS-31_Part3_table_034.csv,Part3,034,11,8,False,False,False,False,True,False,False,False,False,63
SDS-31_Part3_table_035.csv,Part3,035,19,9,True,False,True,False,False,False,False,False,False,92
SDS-31_Part3_table_036.csv,Part3,036,21,7,True,False,True,False,True,True,False,False,False,89
SDS-31_Part3_table_037.csv,Part3,037,28,8,False,False,False,False,True,False,False,False,False,140
SDS-31_Part3_table_038.csv,Part3,038,13,11,False,False,False,False,True,False,False,False,False,49
SDS-31_Part3_table_039.csv,Part3,039,16,9,False,False,False,False,False,False,False,False,False,53
SDS-31_Part3_table_040.csv,Part3,040,12,6,False,False,False,False,True,False,False,False,False,51
SDS-31_Part3_table_041.csv,Part3,041,20,8,False,False,False,False,True,False,False,False,False,110
SDS-31_Part3_table_042.csv,Part3,042,3,7,False,False,False,False,True,False,False,False,False,12
SDS-31_Part3_table_043.csv,Part3,043,9,9,False,False,False,False,True,False,False,False,False,49
SDS-31_Part3_table_044.csv,Part3,044,15,8,False,False,False,False,True,False,False,False,False,75
SDS-31_Part3_table_045.csv,Part3,045,20,11,True,False,True,False,True,False,False,False,False,115
SDS-31_Part3_table_046.csv,Part3,046,10,7,True,False,True,False,True,False,False,False,False,13
SDS-31_Part3_table_047.csv,Part3,047,18,10,False,False,False,False,True,True,False,False,False,154
SDS-31_Part3_table_048.csv,Part3,048,27,10,False,False,False,False,True,False,False,False,False,212
SDS-31_Part3_table_049.csv,Part3,049,21,17,True,False,True,False,True,False,False,False,False,102
SDS-31_Part3_table_050.csv,Part3,050,3,8,False,False,False,False,True,False,False,False,False,16
SDS-31_Part3_table_051.csv,Part3,051,12,10,False,False,False,False,True,False,False,False,False,62
SDS-31_Part3_table_052.csv,Part3,052,9,15,False,False,False,False,True,False,False,False,False,47
SDS-31_Part3_table_053.csv,Part3,053,9,11,False,False,False,False,True,False,False,False,False,63
SDS-31_Part4_table_001.csv,Part4,001,8,8,True,False,True,False,True,False,False,False,False,34
SDS-31_Part4_table_002.csv,Part4,002,8,11,False,False,False,False,True,False,False,False,False,56
SDS-31_Part4_table_003.csv,Part4,003,12,10,True,False,True,False,True,False,False,False,False,71
SDS-31_Part4_table_004.csv,Part4,004,22,11,False,False,False,False,True,False,False,False,False,118
SDS-31_Part4_table_005.csv,Part4,005,37,7,False,False,False,False,True,False,False,False,False,216
SDS-31_Part4_table_006.csv,Part4,006,9,8,False,False,False,False,True,False,False,False,False,35
SDS-31_Part4_table_007.csv,Part4,007,13,8,True,False,False,False,True,False,False,False,False,92
SDS-31_Part4_table_008.csv,Part4,008,17,8,False,False,False,False,True,False,False,False,False,69
SDS-31_Part4_table_009.csv,Part4,009,4,3,False,False,False,False,False,False,False,False,False,12
SDS-31_Part4_table_010.csv,Part4,010,19,8,False,False,False,False,True,False,False,False,False,106
SDS-31_Part4_table_011.csv,Part4,011,24,7,True,False,True,False,True,False,False,False,False,139
SDS-31_Part4_table_012.csv,Part4,012,22,9,False,False,False,False,True,False,False,False,False,176
SDS-31_Part4_table_013.csv,Part4,013,6,10,False,False,False,False,True,False,False,False,False,48
SDS-31_Part4_table_014.csv,Part4,014,6,9,False,False,False,False,True,False,False,False,False,37
SDS-31_Part4_table_015.csv,Part4,015,7,8,False,False,False,False,False,False,False,False,False,49
SDS-31_Part4_table_016.csv,Part4,016,21,8,True,False,False,False,True,True,False,False,False,114
SDS-31_Part4_table_017.csv,Part4,017,16,10,True,False,False,False,True,True,False,False,False,111
SDS-31_Part4_table_018.csv,Part4,018,18,11,False,False,False,False,False,False,False,False,False,98
SDS-31_Part4_table_019.csv,Part4,019,5,18,False,False,False,False,False,False,False,False,False,29
SDS-31_Part4_table_020.csv,Part4,020,11,10,False,False,False,False,False,False,False,False,False,73
SDS-31_Part4_table_021.csv,Part4,021,5,25,True,False,True,False,True,False,False,False,False,40
SDS-31_Part4_table_022.csv,Part4,022,5,9,False,False,False,False,False,False,False,False,False,34
SDS-31_Part4_table_023.csv,Part4,023,16,9,False,False,False,False,True,False,False,False,False,95
SDS-31_Part4_table_024.csv,Part4,024,8,8,False,False,False,False,True,False,False,False,False,56
SDS-31_Part4_table_025.csv,Part4,025,24,15,True,False,True,False,True,False,False,False,False,149
SDS-31_Part4_table_026.csv,Part4,026,4,14,True,False,True,False,False,True,False,False,False,16
SDS-31_Part4_table_027.csv,Part4,027,6,9,False,False,False,False,False,False,False,False,False,41
SDS-31_Part4_table_028.csv,Part4,028,13,9,False,False,False,False,False,False,False,False,False,71
SDS-31_Part4_table_029.csv,Part4,029,17,9,False,False,False,False,False,False,False,False,False,102
SDS-31_Part4_table_030.csv,Part4,030,2,16,False,False,False,False,True,False,False,False,False,7
SDS-31_Part4_table_031.csv,Part4,031,23,10,False,False,False,False,False,False,False,False,False,226
SDS-31_Part4_table_032.csv,Part4,032,30,8,True,False,True,False,True,False,False,False,False,140
SDS-31_Part4_table_033.csv,Part4,033,9,19,False,False,False,False,True,False,False,False,False,65
SDS-31_Part4_table_034.csv,Part4,034,22,8,True,True,False,False,True,False,False,False,False,147
SDS-31_Part4_table_035.csv,Part4,035,57,7,False,False,False,False,True,False,False,False,False,342
SDS-31_Part4_table_036.csv,Part4,036,2,8,False,False,False,False,False,False,False,False,False,14
SDS-31_Part4_table_037.csv,Part4,037,13,8,False,False,False,False,True,False,False,False,False,91
SDS-31_Part4_table_038.csv,Part4,038,17,9,False,False,False,False,False,False,False,False,False,67
SDS-31_Part4_table_039.csv,Part4,039,3,6,True,False,True,False,False,False,False,False,False,10
SDS-31_Part4_table_040.csv,Part4,040,8,7,False,False,False,False,False,False,False,False,False,38
SDS-31_Part4_table_041.csv,Part4,041,12,8,False,False,False,False,False,False,False,False,False,54
SDS-31_Part4_table_042.csv,Part4,042,2,43,False,False,False,False,False,False,False,False,False,10
SDS-31_Part4_table_043.csv,Part4,043,6,13,False,False,False,False,False,False,False,False,False,26
SDS-31_Part4_table_044.csv,Part4,044,5,9,False,False,False,False,False,False,False,False,False,23
SDS-31_Part4_table_045.csv,Part4,045,18,7,False,False,False,False,False,False,False,False,False,78
SDS-31_Part4_table_046.csv,Part4,046,22,9,False,False,False,False,True,False,False,False,False,152
SDS-31_Part4_table_047.csv,Part4,047,57,13,False,False,False,False,True,False,False,False,False,346
SDS-31_Part4_table_048.csv,Part4,048,57,6,True,False,True,False,False,False,False,False,False,223
SDS-31_Part4_table_049.csv,Part4,049,22,7,False,False,False,False,False,False,False,False,False,107
SDS-31_Part4_table_050.csv,Part4,050,25,8,True,True,False,False,True,False,False,False,False,166
SDS-31_Part4_table_051.csv,Part4,051,40,7,False,False,False,False,True,False,False,False,False,239
SDS-31_Part4_table_052.csv,Part4,052,2,8,True,True,False,False,True,False,False,False,False,4
SDS-31_Part4_table_053.csv,Part4,053,28,7,False,False,False,False,False,False,False,False,False,138
SDS-31_Part4_table_054.csv,Part4,054,13,7,False,False,False,False,False,False,False,False,False,50
SDS-31_Part4_table_055.csv,Part4,055,12,7,True,False,True,False,False,False,False,False,False,45
SDS-31_Part4_table_056.csv,Part4,056,13,9,True,False,True,False,False,False,False,False,False,75
SDS-31_Part4_table_057.csv,Part4,057,40,9,True,False,True,False,True,True,False,False,False,242
SDS-31_Part4_table_058.csv,Part4,058,8,11,False,False,False,False,True,False,False,False,False,65
SDS-31_Part4_table_059.csv,Part4,059,44,10,False,False,False,False,True,False,False,False,False,266
SDS-31_Part4_table_060.csv,Part4,060,23,4,True,False,True,True,False,False,False,False,False,88
SDS-31_Part4_table_061.csv,Part4,061,8,11,False,False,False,False,False,False,False,False,False,24
SDS-31_Part4_table_062.csv,Part4,062,8,5,False,False,False,False,True,False,False,False,False,26
SDS-31_Part4_table_063.csv,Part4,063,16,9,False,False,True,False,True,False,False,False,False,61
SDS-31_Part4_table_064.csv,Part4,064,7,5,False,False,False,False,True,False,False,False,False,23
SDS-31_Part4_table_066.csv,Part4,066,11,10,False,False,False,False,False,False,False,False,False,106
SDS-31_Part5_table_001.csv,Part5,001,7,6,False,False,False,False,False,False,False,False,False,39
SDS-31_Part5_table_002.csv,Part5,002,10,18,True,False,True,False,True,False,False,False,False,82
SDS-31_Part5_table_003.csv,Part5,003,17,21,True,False,True,False,True,False,False,False,False,142
SDS-31_Part5_table_004.csv,Part5,004,22,14,True,False,False,False,True,False,False,False,False,186
SDS-31_Part5_table_005.csv,Part5,005,10,9,False,False,True,False,False,False,False,False,False,50
SDS-31_Part5_table_006.csv,Part5,006,11,10,False,False,False,False,False,False,False,False,False,94
SDS-31_Part5_table_007.csv,Part5,007,24,8,True,True,False,False,True,False,False,False,False,130
SDS-31_Part5_table_008.csv,Part5,008,2,10,False,False,False,False,True,False,False,False,False,18
SDS-31_Part5_table_009.csv,Part5,009,2,10,False,False,False,False,True,False,False,False,False,18
SDS-31_Part5_table_010.csv,Part5,010,23,15,True,False,True,False,True,False,False,False,False,191
SDS-31_Part5_table_011.csv,Part5,011,2,9,False,False,False,False,False,False,False,False,False,16
SDS-31_Part5_table_012.csv,Part5,012,3,12,True,False,True,False,True,False,False,False,False,4
SDS-31_Part5_table_013.csv,Part5,013,3,10,False,False,False,False,True,False,False,False,False,26
SDS-31_Part5_table_014.csv,Part5,014,47,10,True,False,True,False,True,False,False,False,False,361
SDS-31_Part5_table_015.csv,Part5,015,8,6,False,False,False,False,False,False,False,False,False,44
SDS-31_Part5_table_016.csv,Part5,016,8,10,True,False,True,False,True,True,False,True,False,8
SDS-31_Part5_table_017.csv,Part5,017,5,12,False,False,False,False,True,False,False,False,False,43
SDS-31_Part5_table_018.csv,Part5,018,30,10,True,False,True,False,True,True,False,False,False,130
SDS-31_Part5_table_019.csv,Part5,019,7,11,True,False,True,False,True,False,False,False,False,51
SDS-31_Part5_table_020.csv,Part5,020,24,10,True,False,True,False,True,True,False,False,False,151
SDS-31_Part5_table_021.csv,Part5,021,7,10,False,False,False,False,True,False,False,False,False,55
SDS-31_Part5_table_023.csv,Part5,023,18,12,False,False,False,False,True,False,False,False,False,129
SDS-31_Part5_table_024.csv,Part5,024,19,10,True,False,True,False,True,False,False,False,False,148
SDS-31_Part5_table_025.csv,Part5,025,5,15,False,False,False,False,True,False,False,False,False,19
SDS-31_Part5_table_026.csv,Part5,026,2,32,False,False,False,False,True,False,False,False,False,17
SDS-31_Part5_table_027.csv,Part5,027,12,11,False,False,False,False,True,False,False,False,False,44
SDS-31_Part5_table_028.csv,Part5,028,22,6,True,False,True,False,True,False,False,False,False,126
SDS-31_Part5_table_029.csv,Part5,029,8,7,True,False,True,False,True,False,False,False,False,41
SDS-31_Part5_table_030.csv,Part5,030,12,10,True,False,False,False,False,False,False,False,False,80
SDS-31_Part5_table_031.csv,Part5,031,6,9,False,False,False,False,True,False,False,False,False,36
SDS-31_Part5_table_032.csv,Part5,032,19,7,False,False,False,False,True,False,False,False,False,100
SDS-31_Part5_table_033.csv,Part5,033,24,6,False,False,False,False,True,True,False,False,False,122
SDS-31_Part5_table_034.csv,Part5,034,25,18,True,False,True,False,True,False,False,False,False,149
SDS-31_Part5_table_035.csv,Part5,035,2,8,False,False,False,False,False,False,False,False,False,14
SDS-31_Part5_table_036.csv,Part5,036,3,8,False,False,False,False,True,False,False,False,False,21
SDS-31_Part5_table_037.csv,Part5,037,8,9,False,False,False,False,True,False,False,False,False,52
SDS-31_Part5_table_038.csv,Part5,038,7,9,False,False,False,False,True,False,False,False,False,44
SDS-31_Part5_table_039.csv,Part5,039,2,9,True,True,True,False,True,False,False,False,False,2
SDS-31_Part5_table_040.csv,Part5,040,23,12,False,False,False,False,True,False,False,False,False,176
SDS-31_Part5_table_041.csv,Part5,041,19,21,False,False,False,False,True,False,False,False,False,152
SDS-31_Part5_table_042.csv,Part5,042,7,7,False,False,False,False,True,False,False,False,False,35
SDS-31_Part5_table_043.csv,Part5,043,22,12,False,False,False,False,True,True,False,False,False,211
SDS-31_Part5_table_044.csv,Part5,044,46,13,False,False,False,False,True,False,False,False,False,169
SDS-31_Part5_table_045.csv,Part5,045,12,10,False,False,False,False,True,False,False,False,False,75
SDS-31_Part5_table_046.csv,Part5,046,41,13,True,False,True,False,True,False,False,False,False,218
SDS-31_Part5_table_047.csv,Part5,047,24,10,False,False,False,False,True,False,False,False,False,120
SDS-31_Part5_table_048.csv,Part5,048,56,16,True,False,True,False,True,False,False,False,False,264
SDS-31_Part5_table_049.csv,Part5,049,31,8,False,False,False,False,False,False,False,False,False,248
SDS-31_Part5_table_050.csv,Part5,050,19,11,True,False,True,False,True,False,False,False,False,109
SDS-31_Part5_table_051.csv,Part5,051,10,6,False,False,False,False,False,False,False,False,False,59
SDS-31_Part5_table_052.csv,Part5,052,23,10,True,False,False,False,True,False,False,False,False,154
SDS-31_Part5_table_053.csv,Part5,053,7,9,False,False,False,False,True,False,False,False,False,45
SDS-31_Part5_table_054.csv,Part5,054,30,5,False,False,True,False,False,False,False,False,False,141
SDS-31_Part5_table_055.csv,Part5,055,4,14,True,False,False,False,True,False,False,False,False,28
SDS-31_Part5_table_056.csv,Part5,056,7,6,False,False,False,False,False,False,False,False,False,39
SDS-31_Part5_table_057.csv,Part5,057,26,30,True,False,True,False,True,False,True,False,True,181
SDS-31_Part5_table_058.csv,Part5,058,14,13,False,False,False,False,True,False,False,False,False,114
SDS-31_Part5_table_059.csv,Part5,059,11,9,False,False,False,False,False,False,False,False,False,47
SDS-31_Part5_table_060.csv,Part5,060,3,3,False,False,False,False,False,False,False,False,False,9
SDS-31_Part5_table_061.csv,Part5,061,14,12,True,True,True,False,True,False,False,False,False,106
SDS-31_Part6_table_001.csv,Part6,001,13,5,True,False,True,False,True,False,False,False,False,48
SDS-31_Part6_table_002.csv,Part6,002,4,9,False,False,False,False,True,False,False,False,False,24
SDS-31_Part6_table_003.csv,Part6,003,4,11,False,False,False,False,True,False,False,False,False,24
SDS-31_Part6_table_004.csv,Part6,004,7,10,True,False,True,False,True,False,False,False,False,37
SDS-31_Part6_table_005.csv,Part6,005,4,11,False,False,False,False,True,False,False,False,False,24
SDS-31_Part6_table_006.csv,Part6,006,24,13,True,False,False,False,True,True,False,False,False,115
SDS-31_Part6_table_007.csv,Part6,007,21,6,False,False,False,False,True,True,False,False,False,97
SDS-31_Part6_table_008.csv,Part6,008,16,9,True,True,True,False,True,False,False,False,False,114
SDS-31_Part6_table_009.csv,Part6,009,4,10,True,True,True,False,True,False,False,False,False,11
SDS-31_Part6_table_010.csv,Part6,010,2,9,False,False,False,False,False,False,False,False,False,16
SDS-31_Part6_table_011.csv,Part6,011,16,11,False,False,False,False,True,False,False,False,False,128
SDS-31_Part6_table_012.csv,Part6,012,21,10,False,False,False,False,True,False,False,False,False,102
SDS-31_Part6_table_013.csv,Part6,013,47,19,False,False,False,False,True,False,False,False,False,277
SDS-31_Part6_table_014.csv,Part6,014,23,13,False,False,False,False,True,False,False,False,False,154
SDS-31_Part6_table_015.csv,Part6,015,49,14,True,False,False,False,True,True,False,False,False,241
SDS-31_Part6_table_016.csv,Part6,016,45,9,True,False,True,False,True,True,False,False,False,213
SDS-31_Part6_table_017.csv,Part6,017,43,15,True,False,True,False,True,True,False,True,False,198
SDS-31_Part6_table_018.csv,Part6,018,18,11,False,False,False,False,True,False,False,False,False,114
SDS-31_Part6_table_019.csv,Part6,019,11,7,False,False,False,False,False,False,False,False,False,77
SDS-31_Part6_table_020.csv,Part6,020,27,10,True,False,True,False,True,True,False,False,False,144
SDS-31_Part6_table_021.csv,Part6,021,15,10,False,False,False,False,True,False,False,False,False,99
SDS-31_Part6_table_022.csv,Part6,022,20,9,True,False,True,False,True,False,False,False,False,121
SDS-31_Part6_table_023.csv,Part6,023,16,9,True,True,False,False,True,False,False,False,False,106
SDS-31_Part6_table_024.csv,Part6,024,20,10,False,False,False,False,True,True,False,False,False,96
SDS-31_Part6_table_025.csv,Part6,025,7,11,False,False,False,False,True,False,False,False,False,45
SDS-31_Part6_table_026.csv,Part6,026,11,8,True,False,True,False,True,True,False,False,False,49
SDS-31_Part6_table_027.csv,Part6,027,10,15,True,False,False,False,True,False,False,False,False,39
SDS-31_Part6_table_028.csv,Part6,028,9,9,False,False,False,False,True,False,False,False,False,60
SDS-31_Part6_table_029.csv,Part6,029,10,8,False,False,False,False,True,False,False,False,False,39
SDS-31_Part6_table_030.csv,Part6,030,11,12,True,False,False,False,True,False,False,False,False,53
SDS-31_Part6_table_031.csv,Part6,031,14,9,True,True,False,False,True,True,False,False,False,85
SDS-31_Part6_table_032.csv,Part6,032,11,14,False,False,False,False,True,False,False,False,False,68
SDS-31_Part6_table_033.csv,Part6,033,3,3,False,False,False,False,False,False,False,False,False,0
SDS-31_Part6_table_034.csv,Part6,034,8,3,False,False,False,False,True,False,False,False,False,3
SDS-31_Part6_table_035.csv,Part6,035,5,4,False,False,False,False,False,False,False,False,False,20
SDS-31_Part6_table_036.csv,Part6,036,11,8,False,False,False,False,True,False,False,False,False,43
SDS-31_Part6_table_037.csv,Part6,037,8,9,False,False,False,False,True,False,False,False,False,34
SDS-31_Part6_table_038.csv,Part6,038,9,5,False,False,False,False,False,False,False,False,False,34
SDS-31_Part6_table_039.csv,Part6,039,21,8,True,True,False,False,True,True,False,False,False,120
SDS-31_Part6_table_040.csv,Part6,040,26,9,True,True,False,False,True,True,False,False,False,158
SDS-31_Part6_table_041.csv,Part6,041,5,7,True,True,False,False,False,False,False,False,False,20
SDS-31_Part6_table_042.csv,Part6,042,4,7,False,False,False,False,False,False,False,False,False,19
SDS-31_Part6_table_043.csv,Part6,043,5,11,False,False,False,False,False,False,False,False,False,25
SDS-31_Part6_table_044.csv,Part6,044,19,9,True,True,False,False,False,False,False,False,False,71
SDS-31_Part6_table_045.csv,Part6,045,11,13,False,False,False,False,True,False,False,False,False,92
SDS-31_Part6_table_046.csv,Part6,046,2,11,False,False,False,False,False,False,False,False,False,18
SDS-31_Part6_table_047.csv,Part6,047,8,9,False,False,False,False,True,False,False,False,False,65
SDS-31_Part6_table_048.csv,Part6,048,12,7,False,False,False,False,True,False,False,False,False,24
SDS-31_Part6_table_049.csv,Part6,049,59,5,False,False,False,False,True,False,False,False,False,83
SDS-31_Part6_table_050.csv,Part6,050,70,6,False,False,False,False,True,False,False,False,False,127
SDS-31_Part6_table_051.csv,Part6,051,67,6,False,False,False,False,True,False,False,False,False,119
SDS-31_Part6_table_052.csv,Part6,052,41,8,False,False,False,False,True,False,False,False,False,59
SDS-31_Part6_table_054.csv,Part6,054,27,7,False,False,False,False,True,False,False,False,False,48
SDS-31_Part6_table_055.csv,Part6,055,10,4,False,False,False,False,True,False,False,False,False,3
SDS-31_Part7_table_001.csv,Part7,001,20,9,False,False,False,False,False,False,False,False,False,57
SDS-31_Part7_table_002.csv,Part7,002,34,8,False,False,False,False,False,False,False,False,False,118
SDS-31_Part7_table_003.csv,Part7,003,7,11,False,False,False,False,True,False,False,False,False,22
SDS-31_Part7_table_004.csv,Part7,004,4,10,False,False,False,False,True,False,False,False,False,19
SDS-31_Part7_table_005.csv,Part7,005,9,2,False,False,False,False,False,False,False,False,False,8
